Mean,Variance,Median,Lower Quartile,Upper Quartile,IQR,Skewness,Kurtosis,Peak_to_Avg,Min_Max_Ratio,Power_Range,Coefficient_Var,Label
-33.585827545593716,343.7980051601679,-42.35255251871247,-50.534530935606135,-13.043197275404193,37.491333660201946,0.4081188857588078,-1.4203569276985102,0.0019328636140916295,882.1857499332631,57.20378016194136,-0.5520718746716469,0.0
-30.38256001055891,323.10964206109895,-29.48700902518995,-44.90820063800695,-17.645986917965242,27.26221372004171,0.2010493453677945,-0.9104138206791794,-0.1521267429048085,-13.034116675415637,64.8656858085233,-0.5916305543162238,0.0
-35.68774967869599,333.5128206160616,-32.938877470723455,-52.68289155062894,-20.681160681483288,32.001730869145646,-0.07539979595187066,-1.1232115809886376,0.16862297434670137,11.03506250865634,60.38874325479755,-0.5117255514324638,0.0
-26.07664609679303,472.6400154925785,-23.996282003237706,-46.83590401844821,-4.429557433225536,42.40634658522268,-0.15073721881973026,-1.4460906205158994,-0.1645861633911843,-14.413226105567588,66.15133361207168,-0.8337071210162001,1.0
-22.072543102064156,369.0159062664543,-24.178079581975318,-32.05805492382541,-8.525960830805255,23.532094093020156,-0.4724785955522594,-0.20347725227311653,-0.5033073610431676,-5.6915190319788795,74.33791452303461,-0.8703023771513558,1.0
-37.92790055492365,289.0158069000288,-38.79992068960625,-50.51561726610673,-25.05453271142222,25.46108455468451,-0.11965407137511239,-0.9912698915581797,0.27828952061292356,6.7948587012415995,61.164370040361696,-0.44823110833392477,0.0
-29.2135536992472,662.3373633910439,-24.610058910741675,-53.39067451629889,-4.0994569325937675,49.29121758370512,-0.25092690830987824,-1.2852188769386248,-0.39642537403496775,-6.4267982260845695,86.00970534020976,-0.8809580679847185,1.0
-38.06832490772636,289.4020319958996,-42.23066385553143,-50.129078760978146,-29.85040350996773,20.278675251010416,0.6660127490306332,-0.402879541263788,-0.03951177980765815,-42.474039961311874,65.39135858863797,-0.446875989482278,0.0
-31.503250256962737,377.9841023923601,-28.893789609671906,-36.6837271893703,-21.538317578541072,15.14540961082923,-0.9863336884174434,0.6911341313549935,0.09064631924961818,27.644925632065828,76.08867993667849,-0.6171367427186983,0.0
-41.87156206303332,483.82486613433684,-48.21670130862968,-54.86141802692248,-24.746208577540436,30.115209449382043,0.2153568133404585,-0.9795483126414148,0.056452777876494914,33.24995470665499,76.23134619130721,-0.5253212022918997,0.0
-22.96274978232544,310.903146866635,-20.952622088419016,-34.140189381837246,-10.989260604785976,23.15092877705127,-0.37949904239211346,-0.507720547313721,-0.2975475771767131,-9.042015488943088,68.61217690308091,-0.767871706275414,1.0
-31.26550548471611,311.6283122203924,-28.11197707502727,-45.50905841854616,-17.228196505693234,28.280861912852927,-0.4495730471534772,-0.8046930520821141,0.03553574426233441,58.726939657497276,64.13711262383212,-0.564615763769428,0.0
-37.754751316993286,519.9353738949743,-37.84021568181182,-55.143521402268924,-23.10375436041147,32.03976704185745,0.18488242403776353,-0.8860890149989062,-0.22665081325814407,-8.674787490354651,82.78856027396945,-0.6039528970929376,0.0
-35.70637816239023,460.04201728360374,-36.70300161765459,-48.8310321294607,-25.25354777581016,23.577484353650544,0.1978793838698905,-0.46316542470988065,-0.30712159254066335,-6.782439005554098,85.34378048369535,-0.600693523231289,0.0
-25.36136515834216,309.63700458598254,-26.139208016422298,-34.33347203489226,-17.056322909877448,17.277149125014812,0.2206231707363963,0.17569778091137245,-0.618864338569444,-3.8311267687456625,75.82571572012168,-0.6938311622967867,1.0
-38.45837813914197,415.8477628824692,-40.6833131314623,-53.57879980267015,-21.248756350120345,32.3300434525498,-0.08936642333954731,-1.1510246456688413,0.18575986637977554,10.820340625235753,70.15674110324008,-0.5302445573694148,0.0
-23.827734978003065,432.9133602666366,-18.690348742490706,-38.51697033617857,-7.839775909067312,30.677194427111253,-0.3481851829454703,-1.1273529224689598,-0.3207812958207995,-8.269955964468657,70.85483149951088,-0.8732080553142962,1.0
-30.981327564721692,328.98566998047556,-26.283543633251817,-39.508936262224594,-16.360201094032945,23.14873516819165,-0.6605933725491896,-0.7363049686619765,0.1909929027490661,11.374511483964866,61.38820130193285,-0.5854481892458527,0.0
-36.575559216524276,384.6134975024273,-36.774633056228225,-50.66475099469007,-23.04799986077405,27.61675113391602,-0.07688636152191085,-0.6658534547865687,0.030931164339884416,67.64563347024522,75.39784681644048,-0.5361931798659646,0.0
-26.627065901634523,458.43672421258736,-20.67173423409785,-40.20678410469019,-12.037135145487028,28.169648959203165,-0.3626938735873701,-0.6536566446123273,-0.4271705494794265,-6.058621634131247,80.28686856356346,-0.8041117109248158,1.0
-38.083737333313046,360.9358136936908,-36.79199147714738,-53.65341341932841,-22.358453642528026,31.294959776800383,-0.1540664276810929,-1.2647777949556755,0.15045152237379716,11.946198610776996,62.719050006259806,-0.4988562610166724,0.0
-30.534631820995706,488.45083041459736,-33.77966867542956,-52.604943717172034,-9.061038264426832,43.5439054527452,0.21630395052716925,-1.407034686441876,-0.3057907950449323,-6.217773089724868,67.39385831461286,-0.7237985994187192,1.0
-24.593610012385348,379.4944918465937,-29.291474624492714,-41.38237926630432,-9.783433876054909,31.598945390249412,0.10706295734102929,-1.1274269364340594,-0.51425679481682,-4.500883485700663,69.5720446433498,-0.7921008080692549,1.0
-27.353621673555715,488.5391240546836,-25.74786764469999,-42.89400895825082,-10.52996281795087,32.36404614029995,0.03732580928849787,-0.8674208066974769,-0.5761576717902747,-4.096007567799534,80.31307406290111,-0.8080436817291061,1.0
-31.87347258701332,312.63785187083215,-32.79139534832369,-43.59060136882319,-15.249821692624739,28.340779676198448,-0.0428225900621387,-1.1565641900932502,0.0542159823741327,35.0879562142994,58.90574822693458,-0.5547424458147334,0.0
-34.467040779777726,577.9186133755111,-36.17263235069086,-50.14111811296315,-12.547928611439545,37.593189501523604,-0.4008708544528058,-0.8136616390148239,-0.02323659524145373,-108.28236641431226,87.52388399211705,-0.6974761203253695,0.0
-25.060945794842347,656.4111753895188,-28.492067080326827,-49.55055045807398,-2.6689476331282282,46.88160282494575,0.015541471909938246,-1.1844160164695117,-0.778379595419872,-3.6296883732256915,90.31100168783985,-1.0223286364807362,1.0
-27.698379413082943,358.2734870007219,-22.875678112804806,-41.43750884519786,-12.100548376357084,29.33696046884078,-0.3252246523441442,-0.8260701812580633,-0.22829693577315596,-10.291621884266004,71.40206451026725,-0.6833653834053588,0.0
-36.21969702656033,471.8791144201854,-35.894560648460896,-50.15523430655841,-14.761692776053863,35.39354153050455,-0.2699135438204011,-1.1393196039848132,0.17420872328591372,11.732079725950893,67.7171390338366,-0.5997504253959709,0.0
-29.87229437277835,351.2230297150193,-23.739173481601068,-38.520791088483,-18.539338660627482,19.98145242785552,-0.7704786265876126,-0.6250584799614418,0.1377892825100799,16.463911947070102,63.6507297453549,-0.6273687932674823,0.0
-34.03985052131363,453.8817772946939,-33.381176821607774,-48.480084577043876,-18.598986163818388,29.881098413225487,-0.38855067922565584,-0.6408529807499801,-0.019409986458208878,-120.59481405541439,80.33927896985445,-0.6258694151878684,0.0
-32.13453263098123,396.9079391083388,-26.129149248725067,-51.4546558242351,-16.959478553309417,34.49517727092568,-0.6599072625686099,-0.9384910204521155,0.2620206941196321,8.45047589708471,62.732355472382025,-0.6199731839332224,0.0
-37.30552717903077,520.6864448710293,-42.10428737371606,-53.995903661351015,-20.591915730686914,33.4039879306641,0.5171863593174001,-0.9937671309034606,-0.17164690019015166,-10.595139074162867,74.24805961759309,-0.611666864484526,0.0
-38.98520496341602,443.02008839907086,-48.124871430575055,-54.77144565200702,-21.80485420982231,32.96659144218471,0.49947461217456474,-1.1003093238055752,0.02036685457263224,88.84049161442688,69.7458773734714,-0.5398982103227726,0.0
-28.05986823948482,448.0776273844538,-23.044967848284735,-43.97585801536473,-9.269005563796792,34.70685245156794,-0.46173487205381886,-1.2255859614732156,0.11656610689934682,20.66847674813763,64.3322359478713,-0.7543814533657156,0.0
-28.426810720977944,334.41276945752463,-23.85135528935143,-36.32438164535957,-16.770646063806073,19.5537355815535,-0.7143546313055239,-0.3279662265426544,0.13564617765842152,18.21165578014361,66.36794188674844,-0.6432996105364167,0.0
-30.00249894216396,352.28986752285107,-22.812088841155784,-46.61808499147885,-15.244921286490563,31.37316370498829,-0.5881359726807176,-0.957533942791216,0.051987518530647814,42.9953297868888,65.50244533333978,-0.6255941040535917,0.0
-32.77193719680652,399.5556545055054,-30.37740012995544,-41.54155272344566,-18.533239682409683,23.00831304103598,-0.4559704552281544,-0.7929077071691912,0.09343159280847331,22.4339417573452,65.62932127103412,-0.6099391731376238,0.0
-29.364373942508642,415.05874164214504,-31.24333645573423,-45.610034955742776,-11.701285416777349,33.908749538965424,0.2279008079167537,-1.0289402744365672,-0.3354858898241868,-6.266092931720105,71.58070196059177,-0.6937995863050662,1.0
-38.25082922537689,355.1973318081283,-40.916398128146824,-53.78300487097202,-27.411740680823197,26.371264190148825,0.8614290540584127,0.18446999198312497,-0.2736807771946807,-6.08585600359088,74.17840170048416,-0.49271296800836595,0.0
-43.59653637399831,485.4063288708488,-49.87381849549766,-57.83095539221374,-24.416976895016788,33.41397849719695,0.6589462991071459,-0.6907129534053849,-0.0616450463575764,-28.274029426409097,78.67426163336293,-0.5053598443461753,0.0
-31.196620925107084,315.100959798512,-22.48561757189129,-47.59270246707522,-18.84259506760931,28.75010739946591,-0.496295435458381,-1.2706144554129821,0.2756341120988323,7.109858161833612,52.53777162865474,-0.5690066044081334,0.0
-28.838473547874372,207.9864762177051,-31.593469398205464,-37.559856840253765,-16.539651537664795,21.02020530258897,0.22092639150698642,-0.9257477295444665,-0.027885253033403924,-62.6676672336254,51.199509032852724,-0.5000866712848064,0.0
-34.87549783270414,412.84523542988364,-31.402730367793904,-44.6479957590096,-19.41434940370047,25.233646355309133,-0.7152850942713267,-0.33394717629526394,0.1585741224036677,14.25103335550554,73.28287169180578,-0.5826036789588123,0.0
-25.837988677352193,341.59048170331556,-18.105340376881923,-35.90102358642,-10.993559520506226,24.90746406591378,-0.8356167854554148,-0.5362875423328086,0.11328590090943232,22.093398802454644,61.74206207292865,-0.715309802810583,1.0
-38.03790374702949,537.6726489558391,-37.578928063035775,-59.27483246644363,-17.743002113528455,41.53183035291517,0.10348088271532246,-1.1845652163914104,-0.11585665617627851,-17.805524528023263,82.87489980746061,-0.609596405133116,0.0
-39.68191071362964,281.9694495700484,-39.73365786078628,-51.78795461310051,-24.427787970515464,27.360166642585046,0.05999157788091636,-1.054507866146425,0.21678121196475914,7.914934252433073,59.48428842299557,-0.4231637456804583,0.0
-36.09388047643981,290.6268871989702,-38.305761154698104,-45.282991972760485,-23.54820994880352,21.734782023956964,-0.07259230704520014,-0.6314929666966331,0.11294460819461681,17.270328789665612,66.32777184414974,-0.47231780696936937,0.0
-30.445429726798217,350.1034857957874,-26.849719055347745,-39.397322333126155,-14.45367829959018,24.943644033535975,-0.6074718323622267,-0.5873962963457706,0.20426490688836726,11.133299654572125,63.01831028504175,-0.6145767253625062,0.0
-46.4345189283753,345.0600454033331,-48.61154813734842,-58.87873603160626,-32.95411510198924,25.92462092961702,0.18329197101940406,-0.8419489083140004,0.22499084535549535,7.502026736008789,67.92889484056779,-0.40004273431363735,0.0
-29.812621385700073,498.43604267375366,-28.210415182845907,-48.51504021323539,-12.721628805434204,35.79341140780119,0.045096399792053134,-1.2158525173787496,-0.19470279318836678,-11.626567550691126,73.29218228948285,-0.7488667617562274,1.0
-30.365238201873428,465.66065744323157,-32.436881003741675,-47.431008377597806,-16.84768365352241,30.583324724075396,0.09580722608582652,-0.8154971438774634,-0.3875964805915316,-5.87211633307436,80.88109458251168,-0.710653797606392,1.0
-36.28486321230296,418.37794291734656,-38.728156181309885,-51.31053779556616,-15.71993753612088,35.59060025944528,-0.035008390767642325,-1.143694999202421,0.12915579738769117,14.85963468478446,64.95179810120342,-0.5637141027229075,0.0
-19.880472534453695,242.52770913594608,-20.337759168195415,-30.824203494332508,-10.923292832437403,19.900910661895104,0.05140189524301389,-0.6856093856684411,-0.44501097513632226,-5.747419505020812,59.69461245164494,-0.7833466300567,1.0
-36.01492444296606,383.5274892614026,-38.08634091638858,-52.290087688051734,-15.28074510890218,37.00934257914955,0.03042357734311754,-1.249357967647412,0.2133003221047576,9.129887219919187,62.45375284495803,-0.5437706222567321,0.0
-30.407521676393685,351.6173758416811,-26.228538937927574,-47.11389353863706,-17.63683970521963,29.47705383341743,-0.01898986438804387,-1.2117991003607866,-0.012608712924143853,-156.35751372783741,60.330825389281934,-0.6166718714632164,0.0
-35.63218552893896,587.2229650479669,-32.80294969847829,-58.564515836668136,-12.53298914197856,46.031526694689575,-0.13237081592951913,-1.2618894177060314,-0.11926434285118469,-18.128809926937617,81.29073164119481,-0.6800785149397898,0.0
-29.90876801709935,414.2466919894352,-29.000585842351924,-38.90391243978439,-11.519859381783956,27.384053058000436,-0.6542964910473008,-0.6310185522463301,0.20382547505798665,12.392865913522382,69.4528342868962,-0.6805044982102044,0.0
-27.88434656776176,347.84928363470544,-23.259470876836453,-37.232246514848306,-19.658362401226125,17.57388411362218,-0.25572288398690285,-0.14944274322914763,-0.40403503211355474,-5.854115553670197,77.22019896627194,-0.6688597848557307,1.0
-42.44511139535294,593.4014118953748,-47.14443997936683,-65.89471484032055,-23.646786064045465,42.24792877627508,0.25481851093778035,-1.305901187367052,0.021156570578567672,82.66529480245548,73.33486265477005,-0.5739137237274348,0.0
-30.29060636181365,268.2352769056271,-24.8223894354917,-43.012955423246694,-19.754983754601454,23.25797166864524,-0.5583985559692058,-0.7388031859791568,0.11479328921523002,18.70763478618616,61.57224991611689,-0.540692044389689,0.0
-27.47382144619839,519.6708824874286,-22.36900102440531,-41.84901154883096,-10.869404741560333,30.979606807270628,-0.535186842741478,-0.4696226345100736,-0.3996099355028442,-7.1351311369932,89.31407548001893,-0.8297459101442799,0.0
-36.56512691993822,438.58709928822157,-31.89703672388451,-50.80264299703886,-23.671994666537802,27.130648330501057,-0.17229774196353093,-0.4081997486691691,-0.152852414461337,-14.594778217188493,87.16027488519232,-0.5727443864698185,0.0
-24.6784701188564,266.4961699468996,-29.301635151958784,-34.38703035929778,-10.65570534609527,23.73132501320251,0.2543546588962195,-0.9962795863974647,-0.1598748044751601,-12.642486350850513,53.82596039213517,-0.6614960461780849,1.0
-18.126815429967557,387.56438579981534,-12.890493290175016,-28.39869007449941,-4.030881539999679,24.36780853449973,-0.7937048145710311,-0.28639449676922935,-0.5494993380853698,-6.1975139021258245,71.69208297066626,-1.0860514961505532,1.0
-41.47564427825943,494.9380581369813,-44.0510435309655,-57.399772861805744,-27.335701466994216,30.064071394811528,0.23584443800862068,-0.9254376979558487,-0.04196264613609732,-44.272289767470916,78.79315096606017,-0.5363919901685574,0.0
-33.01035602980935,385.2148682503867,-26.093415526410606,-52.4640478149883,-16.99783751546945,35.46621029951885,-0.0920523427068462,-1.2083182534429897,-0.09934409265070411,-19.443568543088602,67.04230888339754,-0.5945676998747629,0.0
-37.058412635225416,524.8659891234495,-41.77555578495797,-54.60790308305427,-21.984880515541093,32.623022567513175,0.32365415571512296,-0.7902662166898562,-0.2970885920166843,-6.94889970870438,87.51445767437662,-0.6182119605778391,0.0
-38.18705491996465,479.17349671423574,-39.65437909229041,-57.660135956282986,-16.587688763300747,41.07244719298224,0.006906990784221793,-1.4679683053634673,0.19873974428833702,9.659949227292907,65.72282735938447,-0.5732317391046086,0.0
-32.865952727524174,424.2271877447077,-30.905315285323464,-44.17393961869163,-18.501203623241974,25.672735995449653,-0.3974431531217782,-0.6146604370633475,-0.0660686202441037,-33.912604737280525,75.80951445748606,-0.6266903722563214,0.0
-36.37656017073316,544.7337416076842,-36.235373305626695,-58.63840240843733,-18.894280006439715,39.744122401997615,0.13992740698220044,-0.9726506047864634,-0.3370894272591073,-5.877558459962191,84.33367983605056,-0.641609091829752,0.0
-35.40095484046298,413.1520885238677,-33.98628669538627,-45.41474082956918,-21.650642775620916,23.764098053948267,-0.08785182578879032,-0.26133754369645423,-0.2599193877201067,-7.815451784088071,81.11444962197578,-0.5741693429919622,0.0
-30.087008714516692,493.6343903385579,-31.075948577527292,-48.51335969413482,-9.907886540091976,38.60547315404284,0.1705959348964346,-1.162540614783922,-0.30947550100143323,-6.836183548002215,72.96421031195305,-0.7384544166971488,1.0
-33.89018294549532,215.79949310125053,-34.813924752673984,-41.21485982522824,-23.974417277119997,17.24044254810824,-0.3808474841783152,0.052373519176430516,0.2872914602144493,7.206981498109764,60.43340728019798,-0.4334622658540084,0.0
-38.8780509155287,472.56078281662275,-39.95445472440312,-55.350859870794224,-19.95581072008037,35.39504915071386,-0.12992746695839213,-0.9383837826528647,0.1338802519488018,16.265361279173238,79.45625509692059,-0.5591448825256685,0.0
-45.64290573848644,552.0409917799374,-53.76849982158972,-63.20124839851517,-30.767945598197077,32.43330280031809,0.4437968630826265,-1.0512994248756944,0.10194649986300611,17.901843745909225,78.64655196881391,-0.5147689923692975,0.0
-21.348861275265023,338.8035757049284,-14.488806453616661,-39.48164544773931,-7.7316243121869626,31.75002113555235,-0.5664982607036032,-1.125323502906457,-0.12130847505519693,-22.332667795893606,60.42689185545413,-0.8621826465460738,1.0
-29.435710522622593,261.6955803375426,-26.44100864363978,-34.41302844274069,-15.959990091913408,18.45303835082728,-1.1619160453050268,0.9839976997307178,0.38850166115331214,6.565848804346816,63.65005862717999,-0.5495708267677484,0.0
-31.911939552206917,305.7970697079267,-29.72095325472431,-40.77461003791268,-18.46956756395413,22.30504247395855,-0.4140562661010402,-0.8038219079426487,0.15264788027626042,14.12759848905538,63.948338298900325,-0.5479784241153501,0.0
-36.96133915182382,328.9911771239254,-40.811717317251066,-47.25220321887875,-23.263660572522802,23.988542646355945,0.14502881561628603,-0.9225082526581567,0.11810981353754564,14.880439480409052,60.59501517814067,-0.49073205547772225,0.0
-36.03001559471361,443.37773397458716,-39.24589795173263,-52.0833419185058,-17.557376772480985,34.52596514602482,0.03143730304146174,-0.8669803018386473,-0.046479669027295945,-47.144808718769724,80.62633943158647,-0.584416527767145,0.0
-33.00710598340907,488.229029787972,-32.15405782909175,-51.3740680255911,-17.910782298571316,33.46328572701978,0.08846176533003766,-1.0659093581078574,-0.28664444059068256,-6.779600358677816,73.6051595590669,-0.6694287370466729,0.0
-29.79550164241267,312.20342383058085,-30.228872695856033,-40.84854728754605,-13.502215343994711,27.346331943551334,-0.28710579833475874,-0.9797164109201728,0.1599889631375629,14.000352756839247,61.97204995423661,-0.5930183458484155,0.0
-29.145993385548156,437.94167424159684,-26.66632379742581,-42.92192377377807,-14.56483125695016,28.357092516827908,0.0027707574004727825,-0.48787552965745684,-0.5810692034573588,-3.8687522263234104,82.4564046175113,-0.7180079867939366,1.0
-36.14131093063506,250.55096465030738,-34.931066132848684,-47.97196642801066,-24.71800554674941,23.25396088126125,-0.22314388582958475,-0.515419090683503,0.18322749095952928,10.854006095837615,65.25403365256957,-0.43796977299484713,0.0
-40.04352239600885,331.026971548565,-41.05449725583238,-48.746280492467974,-33.98912473978337,14.757155752684604,0.5616608633238199,0.6591530703423398,-0.1915363118928223,-9.562478860082798,81.01197989599741,-0.454359295590137,0.0
-34.13010898008054,476.6138113064279,-29.601168257491075,-49.576412835643595,-18.86690929888188,30.709503536761716,-0.24271329181883916,-0.8329454396647953,-0.0714424258111256,-32.06205211082388,80.6164507072983,-0.6396547607753901,0.0
-34.93027457841794,419.1114490098497,-35.5164363138591,-48.230931483752485,-20.107576952158837,28.123354531593648,0.2496449855098311,-0.6301610781317613,-0.24453279068113729,-8.295403413096228,79.39759475914168,-0.5860879101813311,0.0
-34.40618096349754,498.43422242382866,-36.665759382260944,-49.95335970466967,-18.138173437530327,31.815186267139346,0.13211728725431598,-1.0701516645337588,-0.2523478378379127,-7.9234983218824295,77.47671590904991,-0.6488845854290162,0.0
-35.93022458298829,390.441272656902,-35.37354090437293,-49.74384197527907,-22.333545756617035,27.410296218662033,-0.21901225757804135,-0.8152714986998291,0.1942585895007167,11.072333307493931,70.30241622446454,-0.5499433160743084,0.0
-21.78114172435131,313.16390975820104,-25.631104794969964,-33.436196428472805,-7.2358925608979945,26.20030386757481,0.08516504047749701,-0.8260550743809763,-0.575056045726034,-4.410855535869339,67.77300673152293,-0.8124660311355247,1.0
-35.774953337722174,520.3245907318724,-36.85994951164824,-54.87180028599829,-18.123218450814818,36.74858183518347,-0.14402389703163138,-0.7853699078830809,-0.054780503550767766,-43.30637348155266,86.83029971647677,-0.6376143750354063,0.0
-33.42974657423799,371.83913614597014,-31.223707439236854,-52.886484086052235,-16.76013296364122,36.126351122411016,-0.19423047230257218,-1.2884465800171534,0.04893823787914627,40.38395333863998,64.43186764140577,-0.5768255175713812,0.0
-34.49940590203347,362.5016725748506,-31.985865465802775,-43.24318891429198,-23.48190365209182,19.761285262200158,-0.18847410546626137,-0.11654091439556558,-0.19963691054502478,-10.889406282053113,81.88655954465213,-0.551878392998922,0.0
-42.89930125311196,423.4592984613135,-44.645008073801414,-58.41610370742407,-30.417292781869257,27.998810925554814,0.4040299572067604,-0.8463655647090431,0.04195531272362987,43.00837417439114,75.60892347082512,-0.47968442605042966,0.0
-35.2030438483534,508.78495717262115,-35.02375564181287,-53.146643307539414,-11.93025586003811,41.216387447501305,-0.25023089467577525,-1.032317513778501,0.013385173484287395,171.11443823490268,80.15772749172002,-0.6407474915022775,0.0
-33.704039971400185,470.9506858163576,-34.69863902539748,-48.70463808777353,-16.77205984376237,31.93257824401116,-0.29184806588407364,-1.0478866018865534,0.012231614786699683,173.47677425476576,71.10438386748508,-0.6438812161429484,0.0
-22.51822906931787,502.19718206388296,-19.65775250497911,-31.876211943346135,-4.798339522188105,27.07787242115803,-0.49903892657833787,-0.6868959406795345,-0.5776392789818859,-5.25022759119782,81.2992953951923,-0.9951828953603891,1.0
-20.008357152628058,351.63547373368027,-23.74008547341563,-30.395323686336475,-2.9340722058152835,27.46125148052119,-0.20598690777053044,-0.7045118420883978,-0.44621091646064004,-6.835565264399181,69.95551438869336,-0.9372056747243599,1.0
-40.325404294912104,551.4524166241308,-40.971205210297654,-60.360027029813416,-23.52060799182478,36.839419037988634,0.008092933739914907,-1.2846558630725204,0.07014286896511972,27.66350021582516,75.41876488357,-0.5823382163183942,0.0
-31.221913548723233,377.68640075818877,-25.077628970680884,-50.046069427606206,-14.533012727131577,35.51305670047463,-0.2398823921397481,-1.5163662132189195,0.1539747037146055,13.161783066482851,58.46637212426372,-0.6224524159702054,0.0
-31.165435091009346,501.5249252102575,-26.748608343663477,-46.63936281323837,-18.340965887967755,28.298396925270616,-0.32514111769900167,-0.9805271370916415,-0.08259403764027368,-26.900824183669556,71.8189289360407,-0.7185765934222634,1.0
-38.39612208843941,304.7080041551052,-40.006148732675776,-48.709024590731545,-27.332819566912022,21.376205023819523,0.3715683450567928,-0.4812321235307677,0.058703498847764386,30.746817478684232,67.04893122212994,-0.4546263119459527,0.0
-26.496863697873657,373.9976837398798,-21.850015054085837,-38.917410551573106,-15.68881005995572,23.228600491617385,-0.523722191985019,-0.5133486324543384,-0.16879347044849624,-15.533734196178987,73.94708617485374,-0.7298607088304631,1.0
-25.176286107726735,399.12371034347353,-22.428009484963752,-36.8887362104294,-8.816643351682263,28.072092858747137,-0.32163951369302085,-0.8026556647534759,-0.23897453300440777,-10.493091871190964,69.14808628134297,-0.7935277134141631,1.0
-23.478846507656705,440.98089846899546,-23.400564096245546,-43.730726571914154,-3.8814701832567895,39.849256388657366,0.024154432660813956,-1.1567667769708043,-0.6672058429678813,-3.5546302757789494,71.349301576396,-0.8944027633537748,1.0
-32.48094824949418,601.6487734833394,-39.769636153191925,-50.368165538239246,-11.127421409283505,39.24074412895574,0.5011444854716007,-0.9172467521249947,-0.5879720734248349,-3.462912462632177,85.23221347369363,-0.7551666779580068,1.0
-34.91604611001517,338.03200161328385,-36.04076633001465,-49.08661375282926,-18.892264778122957,30.1943489747063,-0.025860995385953264,-0.9474086421896608,0.12373333448824068,16.351795121444518,66.32403519269538,-0.5265672568284974,0.0
-39.518611520300595,410.45514445668414,-42.05406827504602,-52.53393982754456,-28.568482027485864,23.965457800058694,0.08572133576772308,-0.3147328749719409,0.0671613933016688,31.889611928853313,81.9848915986253,-0.5126620553161717,0.0
-38.254615090136966,541.5212778356919,-35.304261408452724,-60.35300963287811,-17.81971107110619,42.53329856177192,-0.1587660459557262,-1.3182608706822854,0.1308039432624662,16.257406386555562,76.34584163099346,-0.6083085580330672,0.0
-37.88517644010359,429.7437806224201,-34.177020103399805,-60.253307931114854,-23.545045522520347,36.70826240859451,0.07846949368632652,-1.2019426557001793,-0.005132588919450714,-347.090477862116,67.6858581768243,-0.547186640869729,0.0
-31.921082222734896,465.74798852799086,-28.179450408861776,-43.58921420904479,-13.146674178927805,30.442540030116987,-0.556698420422897,-0.9532640324941672,0.13060599895182903,17.678972243766683,69.53605018157201,-0.6760796862091,0.0
-34.58922274746446,400.90096867742454,-37.96303184799205,-49.36683324113893,-18.802414750906937,30.56441849023199,0.15357877956571261,-0.8936140946809381,0.01748778927829153,117.95235335421495,70.74319658301663,-0.5788656106537332,0.0
-34.8994561091337,500.6905931359027,-34.71592160565427,-51.46512866676982,-18.03793760049872,33.42719106627111,-0.1199373788519526,-1.047338269639915,-0.15995372405829825,-13.138796893979814,78.92697723261881,-0.6411594641653043,0.0
-24.37735552974828,589.7914693853505,-18.331319650241362,-45.21440326268606,-1.3320571074366025,43.88234615524946,-0.22563160045994318,-1.5083428744347296,-0.3149641969736506,-8.75306910510512,74.88400810728272,-0.996236965052123,1.0
-24.15257704610054,450.80826475277627,-23.843171374154444,-34.682569596435386,-9.036761047237771,25.645808549197614,-0.16646217150429193,-0.8759920013384641,-0.45358680698645354,-5.711808042154694,73.52980555897439,-0.8790882161840525,1.0
-30.354042418751256,438.02263319603225,-32.493608042405015,-45.0185342717777,-10.715401458623042,34.30313281315466,-0.12399726994736165,-1.081506364919301,0.031428353646368416,75.59457864991943,71.16155559388771,-0.6894959810881849,1.0
-28.758067284782907,244.62827630886372,-25.728002080545316,-37.205763875020146,-15.726779471444324,21.478984403575822,-0.896260741350495,0.44284101193924386,0.3242270584798513,7.58724619547246,61.42042921248583,-0.5438681571494838,0.0
-23.896348294888416,222.4084362283279,-23.555152983682596,-31.387935777919072,-14.472959253038079,16.91497652488099,0.03271169224257793,-0.7558887841856339,-0.12653629483005227,-16.493183260647687,52.895106880246985,-0.6240854948117847,1.0
-30.784774104136932,405.12770319097274,-31.001594830711994,-45.87625510680402,-9.359004943972733,36.51725016283128,-0.01437225855134111,-1.3567563797664444,-0.008927848513147197,-226.95931118015812,62.65274736862648,-0.6538227076376879,1.0
-34.039930280114945,402.6060589805419,-34.314096765290614,-48.40510155604572,-20.334025320327,28.07107623571872,0.08606468436982335,-1.0558266013698179,-0.056730474718008815,-33.068151367831376,65.78905494662874,-0.5894561338955977,1.0
-36.784600256955386,347.2572306037692,-41.303990511655755,-47.58111854141903,-24.72742803700845,22.85369050441058,0.6811186452026528,-0.41255784628003944,-0.15437360704233621,-11.169455895115712,69.10512450809765,-0.50659349380315,1.0
-40.516513701272345,501.27648077442757,-33.30348227340333,-61.61241300624587,-20.363207041832162,41.24920596441371,-0.4409773948019249,-1.2977596793065658,0.37007256750790246,5.597014633479386,68.92786842237498,-0.5525945475936083,0.0
-34.24669920727317,582.7032223632532,-34.961678774383344,-58.45788008981914,-13.041768252529629,45.41611183728951,0.08080288154313062,-1.156889324417799,-0.32021535890668495,-6.895733710165416,86.58713522123881,-0.7048634488840537,0.0
-39.525891735059396,648.2252374779919,-39.238630945142134,-60.378950445038974,-17.306458194261896,43.072492250777074,0.09964315771208934,-1.3686079289971897,-0.07229617909866375,-27.002451505658705,80.01899189538968,-0.6441415159196573,0.0
-30.523866524033792,395.94111939543706,-24.380091541540068,-45.56627006013393,-11.485852064020856,34.08041799611308,-0.47024537081502094,-1.0636113517919872,0.16361058166494874,13.525883472120835,62.55460722973131,-0.651892159228197,0.0
-35.11575979350429,418.03794093372517,-42.64967492170568,-47.07067798061247,-15.090184374247055,31.980493606365417,0.16132917865715451,-1.2282593156081938,0.023465198266629857,81.25330567524112,66.12858469584611,-0.5822450169200427,0.0
-28.191189901046904,327.0059385499471,-28.90045028874612,-38.77536088610334,-15.772431861794093,23.00292902430925,-0.07188639726229108,-0.7111505353008778,-0.10620282247129194,-20.69434764144838,64.95252834917656,-0.641452368066006,1.0
-33.21209733425684,399.16769605335037,-32.93369205630556,-42.72597126643109,-13.55208948724897,29.173881779182118,-0.440377661810451,-1.0248994294258438,0.2390654880161467,8.640372744894607,60.66353774898418,-0.6015633811119349,0.0
-37.646625624722425,461.3899016374642,-43.867488717188394,-52.31862617798325,-19.991530976456147,32.3270952015271,0.34985540014105826,-0.9955580108545306,-0.04991965714505735,-39.38330219348679,75.89260811673941,-0.5705687573053133,0.0
-25.56118175075014,344.9496798412575,-21.551966052808528,-39.660018365083246,-9.012006896373322,30.648011468709925,-0.5095740413435839,-0.7814980697530576,-0.0443532010741252,-57.95126257439862,66.83423919909556,-0.7266025952809844,1.0
-20.554598203644616,318.61003860538307,-20.603007495055216,-31.961411654750826,-8.642745987414234,23.318665667336592,-0.4032420721573167,-0.5996715077732344,-0.27813343842748084,-10.153989324141605,63.76647662566707,-0.868401841824186,1.0
-38.63070117645846,370.126436762847,-33.62664532946502,-55.80213425074929,-26.34253725295081,29.45959699779848,-0.08149014759907257,-1.208926729999451,0.18385693121455526,9.58936493548624,61.00615487054911,-0.49801504405189134,0.0
-32.44705028359702,420.330193222462,-31.79057930709948,-45.66215808984696,-12.81292340097756,32.8492346888694,-0.1952836507188647,-0.8974883290933726,-0.02791122132299541,-80.55310163940126,73.85749014882515,-0.631858848795959,0.0
-22.678358541884613,412.6316635031209,-18.198929839565107,-36.24773014304195,-7.165717452459249,29.0820126905827,-0.35612545208408475,-0.7838827261021795,-0.3675875925412318,-7.8862916027851515,74.07864356966212,-0.8957146103383073,1.0
-24.1764138125237,585.6946076029493,-19.290918654011953,-47.8482095176443,-3.555995425364986,44.292214092279316,-0.3135051651494181,-1.2088455666114586,-0.4339971749314823,-6.580841044357173,79.54193898743121,-1.0010222532476358,1.0
-28.998076827274314,410.11398890689696,-24.732223820990875,-40.16847465906642,-10.568023448182448,29.60045121088397,-0.5185005735730853,-0.9672208466037824,0.03387991910754679,68.5792246607262,66.39337801849946,-0.6983660127471338,0.0
-37.475452202104705,327.61107112689183,-41.132344375701095,-52.207136630227126,-21.735081019506147,30.47205561072098,0.3197906650913981,-0.6055388560942903,-0.08106123903646194,-22.57006323433308,71.6012933973928,-0.4829836206258836,0.0
-35.49837200633462,350.7417506027063,-31.46434302136732,-45.37585817256512,-25.593928909582623,19.781929262982494,-0.8701730778761065,0.6922415856123991,0.18897226841327244,12.88149689439792,79.7035511275088,-0.5275763225753247,0.0
-36.53751748082394,462.5745977335062,-34.443465372173634,-49.62674410248468,-23.67135434390301,25.95538975858167,-0.1636502247345391,-0.9372876404685657,0.019297250792687355,105.02087835129781,73.34237913405012,-0.5886428236701965,0.0
-35.309734339407676,402.3074771707561,-35.046664521678984,-47.953418303095816,-16.484756645853455,31.46866165724236,-0.5031569190107821,-0.3147824051274326,0.13627785868459405,17.582380962645026,79.79333911157852,-0.568047433636318,0.0
-26.846029946953003,444.272301441761,-28.522852536191884,-43.65518915217848,-8.264658667171238,35.39053048500724,-0.04321341774762985,-1.325872676298736,-0.3093458664248818,-7.258370781293437,68.58336114871253,-0.785135380699479,1.0
-34.303880938053,371.8342966625281,-34.792199486558886,-48.63249296827808,-19.69179764521297,28.94069532306511,-0.26722302572575374,-1.0341271714879485,0.13184960271991097,16.045908622132774,68.05193864327077,-0.5621231434273708,0.0
-39.39345919564015,409.500358248118,-38.2968864255338,-53.67732148200608,-24.134458644289865,29.542862837716214,-0.23298461586468047,-0.9088200413167269,0.2354748260140462,8.54316621921557,69.97167672457212,-0.5136922628729917,0.0
-33.30456976637849,266.81499505733655,-34.342761039788414,-44.84159054609814,-22.08803979968686,22.75355074641128,0.03725237087390112,-1.013148930278025,0.1804471429088441,10.390668537371264,56.43523649831912,-0.4904573970691618,0.0
-30.414432028885283,487.89898106780026,-25.155188717205377,-47.40075677823843,-14.448078352121883,32.95267842611655,-0.41063152667978553,-0.9574956499303133,-0.15987307893261454,-14.927337045864848,77.44586237949574,-0.7262484941041044,0.0
-30.10897153443716,494.1503071492094,-28.55015378070429,-43.178415286756405,-11.501591288720128,31.676823998036276,-0.048498919712292136,-0.9334753005358718,-0.34844344690107726,-6.2790540206252174,76.36654891121098,-0.738301267034454,0.0
-29.203394426174754,508.27412845180044,-22.79425646521345,-53.101310086698035,-14.23031086673489,38.870999219963146,-0.20774301609602824,-1.2811913712525114,-0.15371861713287355,-14.880096669333227,71.28742781969628,-0.7719970984098887,1.0
-36.86028194832336,430.9216319582721,-35.685740119637146,-50.313893846306,-22.61389099239632,27.70000285390968,0.050146348054478956,-0.7301593387651115,-0.17376303454907713,-11.423582737743956,79.57248148825376,-0.5631712749107438,0.0
-33.14871188820804,466.47347835644166,-30.014091885496935,-47.15266369144088,-17.311673938336163,29.840989753104715,-0.14104415451303004,-1.105835428555227,-0.08645732328583529,-23.88775057850075,71.32702140177196,-0.6515486081093537,0.0
-31.900888715817764,361.3418399097047,-27.59593511897445,-44.626569077998425,-15.99455098380815,28.632018094190276,-0.4446238483341758,-0.8054064974795865,0.11108514519913573,19.427974195473958,65.30348590150642,-0.5958766173544091,0.0
-36.234723890153695,389.49031236450395,-35.002229908357116,-49.15397410331617,-22.109250286016966,27.044723817299207,-0.25422913873020014,-0.8471572593575796,0.07664702658572249,27.573760981203144,73.80287707992598,-0.544657356317155,0.0
-30.895311120136938,485.2407184001524,-31.109017598306853,-49.27340921819507,-14.768151697980727,34.50525752021434,-0.1466241717322174,-1.025502367715939,-0.16640848054813837,-13.335807599395665,73.70385297489898,-0.7129942796736567,1.0
-28.900370910749587,535.8368407588922,-19.957922549719108,-50.320965791847506,-10.793862800953901,39.5271029908936,-0.6525700245498905,-1.02078481585485,0.07026604723695831,36.70581120990927,72.50832025082583,-0.8009637629230617,0.0
-32.23824954186005,447.1453907821863,-32.980134118825625,-43.55197131982162,-13.370026234953723,30.181945084867895,-0.4144409433109337,-0.5318228106452203,0.12111506318235518,20.792431911087228,77.28029518672086,-0.6559231008787385,0.0
-27.838072288695702,584.0340329169701,-16.876547002615418,-48.60005614689005,-7.252477910958136,41.34757823593191,-0.39353223934451137,-1.1987890571088755,-0.12250172966202724,-21.48047510916561,76.66318611572676,-0.8681203149577778,1.0
-39.088120870415075,373.0806459453073,-41.255816147227506,-51.77509837707591,-23.694350004273552,28.08074837280236,-0.1668223707532684,-0.9488844617870611,0.16231707785305957,11.89889823000624,69.14990781923072,-0.4941474600800943,0.0
-31.819752919394904,430.04545787652614,-35.43768381969534,-43.522049413314676,-18.28743231591024,25.234617097404435,-0.18777375060961882,-0.5306900053921435,-0.030182083164254577,-80.21537127776942,77.9981403993325,-0.6517189955462921,0.0
-37.03283717984472,452.8992718083206,-37.96838366865095,-52.795208287584785,-16.267784389815457,36.527423897769324,-0.20177889556657133,-1.0228334322507295,0.13394122855119034,14.957973544200179,69.23467129633477,-0.5746637803444482,0.0
-22.147006484176938,338.12395888397543,-23.449297658316546,-31.541921056922927,-5.292823556686264,26.249097500236665,-0.21112674174114046,-0.795454648212274,-0.2315337317314504,-11.936751014872673,66.33680093302839,-0.8302768707022854,1.0
-32.971910102581184,310.70754655079185,-33.94390753154447,-48.005969824799934,-17.56882235630232,30.437147468497614,0.09608439450759837,-1.2645475270449857,0.15560332293022625,11.837690073718935,55.603189156745145,-0.5346034951171063,0.0
-36.60295165687906,391.119553984133,-41.64495874347696,-51.91412957863629,-22.882081769208785,29.032047809427507,0.5664235818057417,-0.3283028474868823,-0.26043939672851635,-7.074903040320117,76.97684468095507,-0.5403045890972754,0.0
-33.539931907722206,401.0957815202911,-30.782415412660658,-50.83139779558079,-17.655496127021507,33.175901668559284,-0.21167009152946967,-1.1591005557446936,0.08607637705893197,23.299720324448444,64.37919948219427,-0.5971203476889686,0.0
-34.27049033694378,267.6386146301635,-41.10692621179691,-45.741264669075036,-19.759637619226655,25.98162704984838,0.524763330026338,-0.8670594601143709,-0.05431325336282736,-30.395795611609188,58.438307489427515,-0.4773688411536943,0.0
-37.336822966669175,346.8449358627262,-38.12875819696305,-48.1231969391723,-23.631950449005224,24.49124649016708,-0.10278166474115087,-1.0598717607315087,0.18774012413368132,9.886002053170293,62.2874957427142,-0.4988044489555124,0.0
-24.04749480336157,188.65383671080303,-20.279580113083952,-31.40349523553176,-13.030563228208615,18.372932007323143,-1.331643308220741,1.1701607744460167,0.3950346108998659,6.580104214981232,53.008717559416674,-0.5711668342216277,0.0
-32.737743509687114,443.79226227688076,-30.40155796624616,-45.34704354195843,-21.658807790171174,23.688235751787253,-0.2006407072727744,-0.13855899719352838,-0.22845617449232958,-10.729505807450659,87.72661188671984,-0.6434889907665592,0.0
-21.931283179057605,455.5519846207323,-20.537003000589944,-34.95260988033975,-1.412377158881075,33.54023272145867,-0.40602407296952525,-0.8444105085314217,-0.39846475020456845,-7.604071175704897,75.18962951987803,-0.9732063386731258,1.0
-26.34052331707619,388.84450733905817,-25.179654140458876,-38.33735880518788,-13.74175296946326,24.595605835724623,-0.16074961673048904,-0.9815657639729078,-0.15368818034071927,-14.044992623475258,60.90554682608389,-0.7486237230973826,1.0
-25.206896628777223,480.2360408417123,-27.629249488972278,-45.194719316678636,-6.168827665482426,39.02589165119621,-0.1794913920532715,-1.1085116126491863,-0.5016011036975812,-5.160118324855401,77.88734824274073,-0.8693766960487228,1.0
-38.56664759391233,478.8709743262456,-37.93547958454222,-60.48893524277991,-19.763031238841187,40.72590400393872,0.19263721959719055,-1.278771106677619,0.05877145843717837,31.838062398539588,69.8981112037979,-0.56741049918142,0.0
-20.303496038745173,609.4756804424569,-18.450525307843293,-43.19537378980756,1.3257874900740645,44.521161279881625,-0.18484908184842958,-1.3298000164009773,-0.8169706683633983,-3.7802784803189176,79.29220353757434,-1.2159266168940466,1.0
-39.64418656817119,519.4543902066541,-38.48678312725667,-61.94774745385662,-22.80281508987882,39.1449323639778,0.18270470172922798,-0.7508727863973923,-0.2132393428736358,-8.934512257516113,83.98338917845314,-0.5749025027154002,0.0
-39.5954014309314,417.45913898791076,-42.95914761237581,-52.25794676464203,-22.197585155189195,30.060361609452833,-0.04895622521716269,-0.9168198282664708,0.13302968598820542,14.99548125638682,73.71929159677158,-0.5160148929419498,0.0
-34.35698547517091,686.852743702578,-29.233631800124805,-58.62775020345449,-7.645805556552374,50.981944646902114,-0.29046740932283494,-1.250258663531545,-0.017850970292997096,-127.69055564160323,78.92662906978556,-0.762810684410811,0.0
-32.23578073234039,277.0842838666184,-37.38592785251248,-42.227081560390765,-19.087534119058745,23.13954744133202,0.0680124491265893,-0.9072683453067434,0.08757798187350536,22.777253660714262,61.48033652242077,-0.5163780268314175,0.0
-39.74571236883495,481.7070509034985,-39.1041921086466,-57.999653414903364,-26.227415905956743,31.77223750894662,0.2849126850745694,-0.85675339630696,-0.1354472567210382,-13.686667730831097,79.06490771698353,-0.5522061209920619,0.0
-23.06654170621571,425.5752759775367,-24.597466659568653,-42.503937760095475,-4.146954710001724,38.35698305009375,0.049904741286546574,-1.5165144594371278,-0.38664009644506897,-5.951876752874917,61.99996460095555,-0.8943462858239954,1.0
-37.56451491089563,368.14871242435663,-33.291676050526064,-51.368690859106955,-24.32444518013779,27.044245678969165,-0.25728630020810817,-0.42550169900063173,0.037080668583455344,55.32862288002058,75.6752802052899,-0.5107799696816576,0.0
-33.685408041505845,432.71172180728064,-33.981494769638545,-51.421629741750536,-13.227297181064868,38.194332560685666,0.17587118212242772,-1.1853448278979972,-0.05439310135785787,-37.844927034861925,71.1737657131836,-0.6175292276373515,1.0
-35.86226395357633,293.1262464154923,-39.03894469814344,-48.632016416104065,-19.594755505951646,29.03726091015242,0.32346678578996224,-1.061198062956229,0.1757333993217639,10.156360808863589,57.70519467308931,-0.4774079542456527,0.0
-37.891949680929706,277.5771922899918,-39.562618272758485,-46.18551229233134,-23.29375661466078,22.89175567767056,-0.26911206794030323,-0.8536788264106905,0.2943789726908014,6.296709195837095,59.08263648512467,-0.43968832840863603,0.0
-36.63089494167325,617.3394320341479,-33.428064380005196,-55.987987444037344,-17.15460817717197,38.83337926686538,-0.31321286160992456,-1.0159922022430692,-0.046554716528800666,-47.214479928251954,82.22212605473472,-0.6782885404933917,0.0
-37.746690263864146,493.02499899284646,-34.632123402714825,-52.206759415991236,-24.932383409213365,27.27437600677787,-0.1901392138578517,-0.6035096867572776,-0.15076284632255743,-13.76198498779013,84.00748148693685,-0.5882414086609355,0.0
-38.972942599213326,433.324121683588,-35.331220172324,-53.45077372481253,-25.55179809679723,27.898975628015297,-0.1494924633210945,-0.9002351318867072,0.04441603667143751,44.115422658150024,74.63381619639378,-0.5341254046670055,0.0
-35.18048424586645,407.68293065527763,-31.878150187222094,-49.00735625373474,-25.762123421834293,23.24523283190045,0.10200140045411592,-0.5922193428823452,-0.20044450698797656,-10.441877582386187,80.68508655769101,-0.5739306933471594,0.0
-38.71201890594173,393.83217417385634,-36.87901709751721,-52.452199162969634,-26.81601277729617,25.636186385673465,0.10552217362540063,-0.6641052356912112,0.03416963414981694,58.379600686586286,75.90033131413767,-0.5126367955075598,0.0
-31.19703675422404,547.636540253749,-21.129155862620948,-49.05855294854954,-13.471681031775352,35.586871916774186,-0.5109484334017111,-0.9365675408429124,-0.12373051149372319,-20.420964521047214,82.68546531806615,-0.7501236608718771,0.0
-19.318541022134273,220.11378765066075,-13.280530612314633,-27.466787022610674,-7.750795631476186,19.715991391134487,-0.7914993721974972,-0.445448246068219,-0.010772209486760782,-260.3487659962787,54.38755920203562,-0.7679789194399609,1.0
-39.82684562679812,453.25200922194915,-39.69872164505585,-56.626959895317626,-24.656126073505064,31.970833821812562,0.27767079236432063,-1.1133983800212224,0.01740953706199474,99.33428216342912,68.18174080252523,-0.5345569228169497,0.0
-38.86302702801155,401.1247821903413,-35.420261463362834,-57.082828087309515,-26.202512279338624,30.88031580797089,0.18189185724386805,-1.2296066249162907,0.12710239528502876,14.065899576065442,64.54010618105372,-0.5153509993028731,0.0
-38.40099297612635,454.8829244124573,-39.02436185701056,-55.788703960978765,-17.94119962363708,37.84750433734169,-0.04992603404331848,-1.2956996260005755,0.21132672656206566,8.828821774782375,63.53211111215683,-0.5554019019862491,0.0
-27.328895432853635,543.5167639858257,-26.10740907233485,-49.91515439192089,-9.37038174889146,40.54477264302943,-0.12366863998968879,-1.2039472542223628,-0.336569717675947,-7.640357705086868,79.47468947878116,-0.8530694571462692,1.0
-41.54834432300463,301.1602667705673,-48.15327731169637,-52.50977415969743,-37.70121767461251,14.808556485084921,1.081717980932165,0.20043338648554965,0.001974340511550791,811.2730948889122,66.46717135234039,-0.41768137942904476,0.0
-31.875780766785518,374.88701580502243,-24.49080007460034,-47.15821239204802,-20.102595210153204,27.055617181894817,-0.6855420072926339,-0.3238158382309888,0.1457652093620755,16.96953145968044,74.2005092988575,-0.6074203927307413,0.0
-30.125857994915272,394.17605134558005,-36.505200508737,-41.049600720733956,-8.546924324024525,32.50267639670943,0.06640089330598459,-0.8892278070334787,-0.12259907927404096,-18.622391291704805,72.47338812265474,-0.6590307707999172,1.0
-30.0265880814232,332.30333880882574,-33.57204717478949,-41.98370848886746,-15.478508967992889,26.50519952087457,-0.3149488327672105,-0.45634002364294224,0.007623295907379862,316.7160849534024,72.26790623594843,-0.6071015843831012,0.0
-31.569323031614385,510.2419792109724,-20.037728489698814,-38.99202227565307,-17.217952738488197,21.774069537164873,-1.0410671706144734,-0.259596665251276,0.12970318349761686,20.52273470404236,79.93860357712747,-0.7155217244652822,0.0
-30.126786450097136,376.1306807243599,-29.57162098816641,-46.11672514890112,-15.651391081344482,30.465334067556636,-0.13953332328936852,-1.0307069419625772,-0.06733886310740111,-32.176962941651944,67.30622245545635,-0.6437490052584377,1.0
-25.720473332806403,386.672041076107,-21.484625702771154,-37.314272714870114,-10.64404296194724,26.67022975292287,-0.8382020279190674,-0.19547138386996554,-0.004203819890905156,-664.0720437502798,71.91040761265093,-0.7645262980709728,0.0
-32.85570380925284,348.8186338869878,-37.380122168763016,-45.06214388211946,-17.620037210951565,27.442106671167892,0.13245563835339547,-0.6297547070412488,-0.182023326220283,-11.591335631817861,75.3025393157152,-0.5684458022029679,0.0
-31.48419725378082,274.17530375402066,-26.74734902930941,-45.465941435963295,-20.02202890828708,25.443912527676215,-0.3596085313055072,-1.1305963302548432,0.28948322137594423,6.957796152982404,54.30022900081523,-0.5259222466647778,0.0
-29.650638204003883,465.46438534895503,-22.226019809234877,-44.677937207944176,-12.433839798289242,32.244097409654934,-0.6384054308766869,-0.9049938311192882,0.06596146633112454,37.12844768038538,70.66000256380643,-0.7276276313146708,0.0
-19.114036165992324,405.65178935594815,-11.981954238400473,-35.26361890402084,-4.837465700213299,30.426153203807537,-0.5803957893205848,-0.6049792249166894,-0.6098279280892936,-5.5428198298915685,76.26489460174174,-1.05371774696153,1.0
-35.68731947217209,411.00568861593854,-38.812173947986224,-46.96094457000548,-21.18980542940359,25.77113914060189,-0.2942109498427305,-0.38965077330510844,0.031706344851619425,73.54032153670823,82.0804226002293,-0.5680806384872561,0.0
-28.712366076167502,460.3835954731304,-21.869904114346678,-44.248187266566234,-10.449308418348483,33.798878848217754,-0.3587825399173281,-1.0734283048560767,0.0218358259803695,113.9458213829028,70.81231214952314,-0.7472930403826115,1.0
-34.71784544642895,463.81120374269904,-32.09238699038822,-45.95249488977345,-19.59861214875481,26.353882741018637,-0.4383842328275112,-0.35823944636668337,-0.10194394171127777,-23.80767052538694,87.80114360408353,-0.6203229544545247,0.0
-33.09868716789789,478.34818214759133,-27.697863241540876,-47.236470303965966,-15.133925066860341,32.10254523710562,-0.4902723868902527,-0.5440513357812722,-0.1301137298290231,-19.05826612549455,86.38280132430333,-0.6607867039878165,0.0
-39.14506949563628,442.3161655965115,-40.74046539044079,-58.05676291377269,-18.552772915233554,39.50398999853913,-0.019846973485706517,-1.3424676773471016,0.22041396029133198,9.02830414845802,69.26916992976739,-0.5372659750109066,0.0
-35.593313656542655,454.54182709389517,-34.263239249423286,-55.13097287214346,-19.573057527538154,35.557915344605306,0.05149843802302974,-1.2280132128403898,0.03085832800033822,63.16766824617384,68.28186757721186,-0.5989885282920948,0.0
-33.72794924628956,412.19786479981195,-35.23722387158796,-45.793058975580365,-17.20143413246914,28.591624843111227,-0.3605935334906054,-0.7730689925394447,0.012549944854776203,176.110989424924,74.12166306263873,-0.6019534851183416,0.0
-28.495955673080893,234.33215743835564,-26.55844146323203,-42.83833139637114,-16.699592560096683,26.138738836274456,-0.11842334454963585,-1.123709633117837,0.14396452660159237,13.228733474824534,50.16723897623241,-0.537195936571322,0.0
-27.159066177002018,292.79651353470024,-24.82327921123055,-36.82941849353119,-11.945999721420403,24.88341877211079,-0.33217747223440386,-1.0628321680726318,0.15875691928346602,13.57025717452095,54.199048093509695,-0.6300399918646978,1.0
-37.37278553333267,556.2081982523121,-40.70838515772817,-57.30169242139876,-15.337754644608237,41.96393777679052,0.10155074518200768,-1.3218904353549097,-0.0892665197878524,-22.710538064605796,79.10163887941948,-0.6310492055038718,0.0
-27.55405582373232,364.0234475945197,-22.056772823980616,-42.79839668712283,-15.058798439707047,27.739598247415785,-0.2515486594951859,-0.8819254068798341,-0.24460412380370877,-9.323148190068679,69.57632252270446,-0.6924352129686953,1.0
-19.40709781933586,658.2612981858613,-10.447962262158068,-36.79548305651424,-3.1844800249581127,33.61100303155613,-0.7360767916407258,-0.762888027201909,-0.7746515201640926,-4.464747314288233,82.1555784177791,-1.3220216460034937,1.0
-36.37076186793628,338.7600294355957,-38.662877931516746,-47.22284712835897,-24.867877108304675,22.354970020054296,0.36279289316925256,-0.1148855765229242,-0.1838765675220572,-10.158445321126585,74.62467901783725,-0.5060502951997321,1.0
-44.58295369910833,466.2517646617739,-43.87264668984227,-62.70499732181319,-26.65712294588487,36.047874375928316,-0.040539679947400285,-1.2007615694657634,0.2925466079433177,6.522367382806519,72.0259839667078,-0.4843300398995423,0.0
-27.33904650618077,409.27665533351336,-22.300880292131048,-42.72682603350771,-9.834220824000163,32.89260520950755,-0.6593423225903491,-0.5896628282707406,-0.04088447279243033,-64.9743580600652,73.74234412159556,-0.7399887599703966,0.0
-25.276007004631182,502.4356351983439,-16.446431232315064,-37.40360165877853,-8.45629612904917,28.947305529729356,-0.7889423395275681,-0.7346003417687714,-0.08539796026578775,-32.035257166191,71.30724486296535,-0.8868123855722908,0.0
-26.821440574795968,418.6383706310345,-26.720971670760285,-43.49374356379002,-10.669655641571389,32.82408792221863,0.07425391861549635,-1.2766001387399428,-0.217931106433924,-10.360165636311722,66.40273804871025,-0.7628469526572963,1.0
-34.29803911011426,491.6237110541879,-38.38379907393778,-45.351652439402855,-18.2310017119649,27.120650727437955,-0.11893834238857946,-0.46974610291048924,-0.08047881193389607,-30.1269277124086,85.91858279717921,-0.6464681293102594,0.0
-44.310697332259615,275.2081668942502,-42.625720605108185,-53.7159965997944,-36.62897467540518,17.08702192438922,0.33395118502268634,-0.07519776219896279,0.20891679535065985,7.718414121439054,62.194031643212035,-0.3743881326920359,0.0
-46.17558273451331,296.92542154268205,-48.353397424906575,-54.96439002475786,-39.78988554651285,15.174504478245012,0.7482468748921313,0.3933623952228351,0.11615705900333045,14.287464152233657,71.26890698916202,-0.3731739383208062,0.0
-35.25153946498849,381.48682501654054,-31.158280358838507,-48.19573043446173,-19.70185352040844,28.49387691405329,-0.27071876346274437,-0.9995550743694679,0.016227123665499693,120.03044241179802,68.08911373923164,-0.5540662340427065,0.0
-29.372823290636724,519.122215583465,-29.47771262759969,-49.983442054193326,-10.865261953930698,39.11818010026263,-0.2132802986927576,-1.1911966681312218,-0.1435133167738698,-15.788308143788853,70.76928798245555,-0.7756916470329623,0.0
-33.85384538397888,442.5799984231309,-24.654880339175055,-54.40901228603817,-17.05366805156733,37.35534423447084,-0.44790114230193206,-1.2440882476252806,0.1386857715681576,15.425893494615492,67.73024317768258,-0.6214238039061966,0.0
-33.764431027039635,416.6350722164687,-30.42029873269114,-42.678158325385404,-23.467868686079097,19.210289639306307,-0.5684004061718484,0.10725466327779332,0.012776344148956429,193.46183247701472,83.02533827375716,-0.6045308623568763,0.0
-29.540483348139276,465.2642651154235,-26.585575654089155,-49.80100093658196,-16.72413586976797,33.07686506681399,0.025799905817102592,-0.8347221101512443,-0.487635378904303,-4.695103339460698,82.03787698537003,-0.7301838981109419,1.0
-28.00906665832349,414.26608793851176,-34.452163947134515,-39.39304946639704,-14.817612936067889,24.57543653032915,0.31441621603823505,-0.7975146852963695,-0.443800155298868,-5.188419234795749,76.92470055364055,-0.7266763973887601,1.0
-21.584973154120323,362.0517110809675,-19.447742454954692,-40.35009966920869,-7.646288540216403,32.703811128992285,-0.13317872838922712,-1.1518191524921713,-0.47375990797479617,-5.142494933176974,62.813736079773776,-0.8815232867411295,1.0
-36.39349678832195,404.8319730488682,-28.591969532919443,-52.19980640520681,-22.51373181908167,29.686074586125137,-0.47873713739531687,-0.7246267618147888,0.040224636157441686,53.260267696993644,76.50459849750095,-0.5528580234630852,0.0
-34.25883506315646,333.7251753212147,-32.731525267788484,-44.94638169499993,-18.042233638869735,26.904148056130193,-0.18957816507750275,-0.8054157311442478,0.09751460248955252,20.25242974329764,64.31729827692435,-0.5332389858811056,0.0
-30.21497632827206,325.2586412722409,-33.33210255791997,-42.45055784675722,-13.114494007873947,29.336063838883273,-0.03691545117383349,-0.8382024658217113,-0.04866599790843459,-46.2382496921871,69.46110516763702,-0.5968870593523864,0.0
-19.019558643006384,383.6271676557916,-11.855947452011694,-32.7037419844083,-2.016517805181946,30.68722417922636,-0.6865339552037111,-0.8332427464752401,-0.11687259388751318,-26.293013602095723,60.66868886432696,-1.0298032141200357,1.0
-35.08779964229105,457.296458643239,-32.959364280424154,-51.395296526064506,-24.1280619275,27.267234598564507,0.16123586317036684,-0.7184490598920585,-0.21591857153162036,-9.128657523200655,76.73579900655825,-0.6094566001732449,0.0
-31.252212012578877,396.1571528600633,-29.52667839310655,-44.091326569959115,-15.09890679386726,28.992419776091857,-0.35359643777784877,-0.8335301361348817,0.02603458380806853,88.85421343518858,71.48155574229679,-0.6368732221798769,0.0
-29.132709944424228,448.9284700449026,-19.749645530455865,-48.76374293762379,-11.406156792484696,37.357586145139095,-0.6563357394941283,-1.161180009135454,0.10151958629310745,23.367843886307593,66.15380779355914,-0.7272901223413536,0.0
-30.66779144149238,430.7913679052816,-27.46187917525498,-40.07494545305521,-16.051468492391507,24.0234769606637,-0.5843564190090286,-0.5912934971186159,0.08058230891377927,30.5716432161476,73.07985313476291,-0.6767854214828555,0.0
-29.363881808316716,542.810389183191,-34.19272691428283,-43.65050603235831,-7.085390775303702,36.56511525705461,0.0209447692708994,-1.1683007714311773,-0.2658343590080633,-8.577668001792569,74.76259352052395,-0.7934336373816424,1.0
-20.538572660227736,571.7895117140639,-18.115231443725975,-39.15572703079973,-0.85849476604518,38.29723226475455,-0.42811187009163676,-0.967034083047654,-0.6399170990776527,-5.417369412562379,84.34338245862054,-1.1642542545830212,1.0
-33.59526582438339,545.6930963844682,-26.333219770502645,-54.219850662731616,-15.350007301362663,38.86984336136895,-0.44595099964190826,-1.1655502465349479,0.07691451127381269,28.859281616507324,71.98736549282629,-0.6953382943614418,0.0
-21.33908410042219,511.1128880080961,-20.176997243663422,-34.32968975755699,-2.4321258818721745,31.897563875684817,-0.42003504040074846,-0.6429133555933331,-0.6176217943089976,-5.0300506315231575,79.47295226586064,-1.0594553075695108,1.0
-40.67525814223815,488.4618159773123,-39.545172402277984,-60.635418343214134,-24.16336664478095,36.472051698433184,0.02690748259535914,-0.943544231784001,-0.06921892086200854,-26.70108356273864,77.99233081121736,-0.5433566567385043,0.0
-29.057336787887145,189.56065829060685,-27.859488716297516,-38.993892157435326,-20.23237504546966,18.761517111965667,-0.18648365694630667,-1.1086923478198838,0.2274823437531558,7.7830345670870225,44.83606927528622,-0.47382535538390336,0.0
-39.89317474185658,462.41294370333105,-40.71349736139601,-54.117840912079075,-22.257448428991683,31.86039248308739,-0.02692358911071222,-1.0021185337662626,-0.04991710539408197,-36.94436433552795,75.56057853002791,-0.539034288290401,0.0
-20.692442908132065,397.0094863070737,-21.42510392974903,-33.27657479828655,-4.973301701999802,28.303273096286752,-0.46987665444096893,-0.08342010386044185,-0.5372250316764068,-6.346549987395363,81.6679104223553,-0.9629166060459283,1.0
-16.59185087193839,337.30997850843266,-10.575996274055253,-28.444336402003586,-1.7126548421730454,26.73168155983054,-0.6061012808741453,-0.8078967022304262,-0.4696133220615064,-7.2343728040486575,64.16020893927812,-1.1069289830676685,1.0
-34.91429334947891,327.2079428435731,-28.41488495171817,-44.12062982035806,-24.55008281832104,19.57054700203702,-0.6037314581602237,-0.7552672270301128,0.20553689871274317,9.428607937601408,60.48517041868343,-0.5180941185893055,0.0
-29.57750427215975,557.6752492728654,-21.677097617800875,-48.93823338038032,-10.031930737476909,38.90630264290341,-0.3741901673474048,-1.150646506219406,-0.10745647549787704,-23.94187512201962,79.2726211078269,-0.798415867245821,0.0
-33.910059317550626,425.17289280344767,-33.708970905739555,-53.031122699092265,-15.934515913130976,37.096606785961285,-0.02317160472553594,-1.5183829715168389,0.10213994383343189,18.99036505333863,62.31091664422913,-0.6080709200504567,0.0
-22.153465120423483,311.5215114392839,-21.65761402686153,-38.404822074677305,-10.437267199554297,27.967554875123007,0.3370014755767244,-0.9473556324324965,-0.6130737542472614,-3.654605585988585,63.217494068270156,-0.7967138278170722,1.0
-25.40714825826898,329.9815876252077,-27.006784613867516,-39.66323893274787,-14.490391976644316,25.172846956103555,0.24853242854911506,-0.8901166762176418,-0.3636399940616602,-6.146578771416041,66.02763605906156,-0.7149718319031828,1.0
-28.158210331960696,295.0642144689508,-24.153097718783513,-40.01634661007272,-13.037132973117888,26.979213636954835,-0.4518819562952109,-0.7875422313539078,0.13477994615662778,16.82952530245329,60.07561405020768,-0.6100328496952749,1.0
-33.47329839897702,394.1973989724552,-33.665012210727596,-43.08840227950523,-18.17931101870974,24.909091260795492,-0.3034204236687353,-0.32679487627816206,-0.07132321140803649,-32.467314950180665,79.90064208965167,-0.5931415778127415,0.0
-25.529726673739884,455.5986030106975,-27.413131598764807,-40.272125317511744,-4.059626842846187,36.21249847466556,-0.10342690478909368,-1.073357748383629,-0.40599720061826344,-6.36874438171624,76.37701755247474,-0.8360745941231804,1.0
-19.9105136908418,495.0456918997579,-10.268962703740694,-30.236829425215884,0.19703871757771463,30.4338681427936,-0.7544036343464129,-0.5006024251674117,-0.19837625361915737,-18.23019529403864,75.95490834353834,-1.1174810771970216,1.0
-45.085996973187775,473.11127300052885,-47.70381902697518,-59.538546784240715,-26.057560968921806,33.48098581531891,0.11280847671110246,-0.9762760884711468,0.17719520148692597,10.767758873334978,78.03484363371777,-0.48243629174903974,0.0
-35.41373579855447,355.915751997648,-40.26808172448914,-48.33332490642002,-18.763604356600204,29.569720549819813,0.3679918598803533,-1.0122099556618562,0.05637345900099402,32.21907317433921,62.32559481543982,-0.5327235079570029,0.0
-30.537829982708608,347.9120408443066,-31.261020617726633,-45.26581577902966,-19.021104177224142,26.244711601805516,0.24383436736720768,-0.8501115856534103,-0.31368947943232567,-6.089133939466859,67.90962123459335,-0.6107965240154773,0.0
-24.377922549141484,373.30113594695155,-22.680063486711347,-38.2852875021879,-12.680801370946273,25.604486131241625,-0.48689024649242774,-0.2877180337697012,-0.24627901255663662,-11.112811277505406,72.72254136562255,-0.7925614833759322,1.0
-15.382273101607188,506.1151810097643,-7.760835238533177,-25.58271128853789,1.420563962885116,27.003275251423005,-0.9285504873433716,-0.13951714935059334,-0.593316114169648,-7.674819814689975,79.17118114988159,-1.4625279160298033,1.0
-26.383672467384503,282.88250615454524,-30.006728153567153,-39.625079056148294,-15.741233603494575,23.88384545265372,0.7030537105826707,-0.023981120837887282,-0.5790029250961055,-3.4867433528622542,68.54049439537883,-0.6374818121890747,1.0
-33.732477403968275,342.4848645744128,-29.223295252698108,-48.03719581368262,-23.544453448258746,24.492742365423876,-0.12369793178269456,-0.7721255589362328,0.04876581550223904,41.45050704829117,66.54075116281989,-0.548621033107004,0.0
-28.323038836914833,427.0718170792149,-26.140462763938412,-50.33503683859735,-6.941321383325301,43.393715455272044,-0.2159525452937275,-1.4931832132377043,0.004995985702587838,411.1768193686191,58.04063396810758,-0.7296433162347267,0.0
-27.127347554971685,358.60642791920736,-32.14070838598579,-40.740888473201665,-10.295052626452788,30.445835846748878,0.26255718322808547,-0.9160793572480301,-0.4938142871517865,-4.332211488974641,71.4296214912446,-0.6980743865618932,1.0
-43.36326055192645,314.31398401000735,-42.553764365672464,-56.703799262548905,-36.32582782867944,20.37797143386947,0.5778555975028772,-0.16605775284785151,0.04764484405023193,35.05581476544871,70.36053204037236,-0.40884615867841584,0.0
-34.5719299977492,225.1018804286331,-34.85720427785364,-43.05521757881258,-23.412721917385397,19.642495661427184,0.11769058952804232,-0.6911006316754276,0.14747176002238796,12.096685977176515,56.57515918173647,-0.43397622380250506,0.0
-27.703449280347606,361.554269273813,-27.420810236469723,-42.39347192029648,-11.26183318606923,31.131638734227245,0.3341646015887882,-0.6044673973539112,-0.5882779603872323,-3.5105497902923046,73.50991227204804,-0.6863614796380592,1.0
-18.420348638194472,512.0682146635185,-13.129717214601914,-36.49831934861214,2.720911969497767,39.21923131810991,-0.6145254244765526,-0.9575636656298077,-0.5076016188064895,-6.5494497754465355,70.58885613866104,-1.228474267111137,1.0
-40.9971840363343,461.79241884946896,-45.125871962573896,-57.76786444445522,-22.7114336916913,35.056430752763916,0.5738860529198991,-0.7770154719657603,-0.05814919239181983,-29.87586936065003,73.60662577870588,-0.5241666335939645,0.0
-43.02587166670017,314.5771039588254,-40.68330639963572,-53.82530167255177,-29.486481891489706,24.33881978106206,-0.1925471706607735,-0.7298907978716116,0.272963386357865,6.804061822997968,68.16573228974077,-0.4122245736038227,0.0
-34.12127356557873,246.34737718393004,-29.9128618434413,-42.00351812975493,-23.452843595027435,18.550674534727495,-0.5202025085344171,-0.6932532876470305,0.1948181116269423,9.87307660348993,58.98326281281486,-0.459990368904434,0.0
-38.29697042452065,333.19544696999503,-37.16736729790376,-54.630999179609184,-20.544248407152985,34.0867507724562,0.15857904488653438,-1.2451376429087666,0.16851209573811632,10.380954526774238,60.54001580360233,-0.4766340996961541,0.0
-47.04306234821778,352.76927134134854,-45.10601448317878,-61.25747543600727,-30.697272963337596,30.560202472669673,-0.27281064123399873,-1.1626507416378455,0.47117055272486247,3.692967338583321,59.69044426829538,-0.3992544716095002,0.0
-32.43599184781778,178.23756636849413,-33.21937413840041,-42.373108570313306,-22.916158632843405,19.4569499374699,0.011505289092914157,-0.9681795892027987,0.25827801462788375,6.586517864373675,46.80107339063007,-0.41159722613749433,0.0
-43.70416412298597,279.1540677406084,-47.330625327051905,-59.331777364891394,-28.841407020105645,30.49037034478575,0.18551899136942007,-1.1944384626897306,0.32490309115510907,4.836134242378882,54.47164091426241,-0.3822954788056149,0.0
-37.08407982619461,413.167302133599,-39.65660060621981,-53.617852651430155,-21.174705139516046,32.443147511914106,0.03465911852733531,-1.126521286197605,0.13764031692388998,14.444323127238205,68.62338126471695,-0.5481197676024818,0.0
-24.599309110098282,485.06233721506476,-27.504748584305595,-38.37260549750256,-13.197450401893041,25.17515509560952,0.07282863034342242,-0.6673667950225006,-0.6885852683357677,-3.9313941885791315,83.53151456436808,-0.8953150145457396,1.0
-35.52843668238486,481.5728709880028,-36.1749614283499,-54.90710637328707,-15.8811278675844,39.02597850570267,0.028061126996374197,-1.362129062381284,-0.03145997918105578,-64.43465552473175,73.1378769587064,-0.617667724691759,0.0
-35.576424359808115,508.99522148849366,-23.398664237359057,-53.91559307786706,-16.09164202132505,37.82395105654201,-0.5876771883751736,-1.1514293503336446,0.30231516726021407,7.355210624075453,68.35215030948774,-0.6341537366177895,0.0
-30.542406266406545,432.5649640669093,-27.032886461701487,-46.48085633299806,-14.614130271575291,31.866726061422767,-0.46306965935157596,-0.7426724222117103,0.02375819829902693,105.37617812603251,75.73875171913264,-0.6809612835363341,0.0
-25.712233766507175,314.59322716906297,-28.770908229885343,-32.56083835999952,-17.118473290308586,15.442365069690936,0.24564942054852806,-0.46074625270209246,-0.3268258515367462,-7.0171078568501875,67.3711461181732,-0.6898185619425211,1.0
-36.64835177548783,419.6402135309122,-28.867232519715756,-54.539388112747254,-19.37535301738477,35.16403509536248,-0.4354148600931465,-1.1756102002040547,0.1929523554311468,10.578953260053648,67.73647403920815,-0.5589643399454114,0.0
-29.644712137761207,376.4215068772563,-22.881497885865073,-43.4308517970901,-15.21903142740313,28.21182036968697,-0.6204240789300779,-0.8026620626591421,0.0679757204841146,33.808877796491906,66.11384767593509,-0.6544703512025557,0.0
-29.97041002660327,291.42154080705484,-29.387720176669724,-40.371344087334954,-14.988985353784805,25.38235873355015,-0.30839110242159234,-1.1214260563401606,0.1916667159669464,10.52737354914432,54.72837832695498,-0.569597586509197,0.0
-38.78982761667738,339.296312763207,-39.1071157608383,-51.370658571481385,-22.281870084727252,29.088788486754133,-0.25520779304875185,-0.6300203763897452,0.19451285357589387,10.165837590456098,69.15734506409649,-0.4748667051084465,0.0
-22.665674098999308,380.6929193347495,-21.01503901974585,-39.45871707672831,-4.851510202185074,34.60720687454324,-0.06716444409670212,-1.3344170719979982,-0.45822510536965705,-5.32924260118882,65.73539278213929,-0.860832707452082,1.0
-35.7724876970954,479.990645359973,-34.75023345490722,-51.22213851358113,-18.69460644768239,32.52753206589874,0.08113565596253726,-0.7572556161710602,-0.26894447010792577,-7.640975628549851,83.13320848403056,-0.6124452119535786,0.0
-30.31048557980771,408.0713591250146,-25.654837932251855,-47.185050603567895,-12.628252145949162,34.55679845761873,-0.32387136976385356,-1.0019250490563039,0.021462888084546796,111.69798686006206,72.0146373077755,-0.6664616489871303,0.0
-30.419090964060963,344.1005722090037,-27.951238303114636,-46.950518795213334,-13.295681038841163,33.654837756372174,-0.3533978515829617,-1.1206604662163289,0.13000129486745843,16.676238806773217,61.992018915540065,-0.6098127014999501,0.0
-28.191094103731935,549.9561441645553,-21.369181655550022,-36.96922588453622,-11.45241437277065,25.51681151176557,-0.7945426377164021,-0.7920094173960219,-0.07741273615121327,-33.73186480518808,75.79707577151039,-0.8318635553737834,0.0
-32.24630007946023,470.64477585218674,-32.77102273044208,-48.36132302438582,-16.193512934356097,32.16781009002972,-0.28714677944870765,-1.0087774497710866,-0.10225358661555138,-21.8958910055341,75.49461771008865,-0.6727701747116527,0.0
-35.24793111754245,234.15376276611806,-36.01928084844235,-45.54650418004814,-22.409607407318855,23.136896772729283,0.17390832054141683,-0.9384401890608354,0.16544303797342422,10.203862110416717,53.672550210078136,-0.43412714231837174,0.0
-21.176487407767443,384.48580698949434,-16.221342013674338,-32.59308309751907,-10.391892505914804,22.201190591604266,-0.2835031371697316,-0.37979273424488813,-0.9171769228350914,-3.122358498661817,80.0668606372819,-0.925947219849617,1.0
-34.73201249918922,513.7016803668348,-28.529665339254187,-51.13054422513379,-11.747325723635377,39.38321850149841,-0.3675407833253345,-1.2255000609143125,0.15993746622877003,13.583332685147695,69.89978485597575,-0.6525676560130468,0.0
-43.29167150233321,378.01912781004347,-45.83375937336745,-56.41275437823309,-27.491710540617554,28.921043837615535,0.20192865243189856,-0.6521376615914636,0.054835522963185966,33.571422243883944,77.32199781337668,-0.4491098016899686,0.0
-20.73331105911492,354.6981596953671,-22.742326091382125,-31.218833379297152,-2.5054616702112904,28.713371709085862,-0.04371661164543965,-0.732761195192194,-0.576046813115511,-4.920264641852413,70.7078386572124,-0.9083658617983472,1.0
-28.07424661558259,305.41438376406234,-19.8936822044846,-42.37413875072952,-12.868527397993969,29.505611352735553,-0.3839836869337418,-1.3684023407933525,0.2709831573338212,8.148715089189166,54.38490796160829,-0.6224960969278011,1.0
-34.53809368174746,463.3484956709946,-29.77908901065708,-50.77731095478913,-15.97527753588096,34.80203341890817,-0.660145986017036,-0.5552651364888477,0.11902781865257973,20.4419613409588,79.92578547291967,-0.6232402821702233,0.0
